GEO_CODE,GEO_LABEL,GEO_TYPE,GEO_TYP2,Accommodation type : Total- Accommodation type - Unit : Households,Accommodation type : Unshared dwelling - Unit : Households,Accommodation type : Unshared dwelling\ Whole house or bungalow - Unit : Households,Accommodation type : Unshared dwelling\ Whole house or bungalow\ Detached - Unit : Households,Accommodation type : Unshared dwelling\ Whole house or bungalow\ Semi-detached - Unit : Households,Accommodation type : Unshared dwelling\ Whole house or bungalow\ Terraced (including end-terrace) - Unit : Households,Accommodation type : Unshared dwelling\ Flat; maisonette or apartment - Unit : Households,Accommodation type : Unshared dwelling\ Flat; maisonette or apartment\ Purpose-built block of flats or tenement - Unit : Households,Accommodation type : Unshared dwelling\ Flat; maisonette or apartment\ Part of a converted or shared house (including bed-sits) - Unit : Households,Accommodation type : Unshared dwelling\ Flat; maisonette or apartment\ In commercial building - Unit : Households,Accommodation type : Unshared dwelling\ Flat; maisonette or apartment\ In commercial building (including in an office building; or hotel or over a shop) - Unit : Households,Accommodation type : Unshared dwelling\ Caravan or other mobile or temporary structure - Unit : Households,Accommodation type : Shared dwelling - Unit : Households,Accommodation type : Whole house or bungalow\ Detached - Unit : Household spaces,Accommodation type : Whole house or bungalow\ Semi-detached - Unit : Household spaces,Accommodation type : Whole house or bungalow\ Terraced (including end-terrace) - Unit : Household spaces,Accommodation type : Flat; maisonette or apartment\ Purpose-built block of flats or tenement - Unit : Household spaces,Accommodation type : Flat; maisonette or apartment\ Part of a converted or shared house (including bed-sits) - Unit : Household spaces,Accommodation type : Flat; maisonette or apartment\ In a commercial building - Unit : Household spaces,Accommodation type : Caravan or other mobile or temporary structure - Unit : Household spaces
K02000001,United Kingdom,Countries and Groupings,CTRY,,,,,,,,,,,,,,,,,,,,
K03000001,Great Britain,Countries and Groupings,CTRY,,,,,,,,,,,,,,,,,,,,
K04000001,England and Wales,Countries and Groupings,CTRY,23366044,23286109,18371818,5310357,7304321,5757140,4829325,3747939,860207,221179,,84966,79935,,,,,,,
E92000001,England,Countries and Groupings,CTRY,22063368,21985413,17235610,4949216,6889935,5396459,4668839,3624359,834083,210397,210397,80964,77955,5128552,7076395,5642969,3854451,984284,257218,100228
N92000002,Northern Ireland,Countries and Groupings,CTRY,703275,703097,639780,264307,200577,174896,62386,55457,5340,1589,1589,931,178,277132,207904,187678,64518,7399,2492,1112
S92000003,Scotland,Countries and Groupings,CTRY,2372777,2371396,1503396,520071,541359,441966,864225,810630,41668,11927,11927,3775,1381,546887,554307,458594,850961,45398,13359,4375
W92000004,Wales,Countries and Groupings,CTRY,1302676,1300696,1136208,361141,414386,360681,160486,123580,26124,10782,10782,4002,1980,383737,429955,385379,133517,33051,14097,5785
E12000001,North East,Regions,RGN,1129935,1129032,964557,179192,445166,340199,163566,132258,24264,7044,7044,909,903,184614,456002,358783,141829,27649,9044,1273
E12000002,North West,Regions,RGN,3009549,3002651,2532005,541250,1093930,896825,463477,380888,59284,23305,23305,7169,6898,558252,1123976,944608,408197,76216,30427,8734
E12000003,Yorkshire and The Humber,Regions,RGN,2224059,2219167,1899477,462131,826780,610566,315006,257816,39852,17338,17338,4684,4892,477309,849261,643879,275124,51591,21743,5478
E12000004,East Midlands,Regions,RGN,1895604,1893049,1676062,615938,673713,386411,210180,171591,25322,13267,13267,6807,2555,634599,692791,406998,183026,31627,17113,7674
E12000005,West Midlands,Regions,RGN,2294909,2290130,1925859,547026,854301,524532,356386,300661,37077,18648,18648,7885,4779,563249,876381,545544,317169,44945,23614,10015
E12000006,East of England,Regions,RGN,2423035,2419377,2017702,716515,748242,552945,388248,326440,43714,18094,18094,13427,3658,744954,769846,577263,348277,53284,22473,19401
E12000007,London,Regions,RGN,3266173,3230665,1579008,205088,617324,756596,1649118,1211075,382826,55217,55217,2539,35508,211232,629607,776821,1274526,429456,62795,2818
E12000008,South East,Regions,RGN,3555463,3544688,2802280,1002515,998124,801641,720703,561240,125378,34085,34085,21705,10775,1037388,1022394,829923,598222,149158,41190,25898
E12000009,South West,Regions,RGN,2264641,2256654,1838660,679561,632355,526744,402155,282390,96366,23399,23399,15839,7987,716955,656137,559150,308081,120358,28819,18937
E10000002,Buckinghamshire,Counties,CNTY,200727,200371,168830,71003,60716,37111,30449,25538,3265,1646,1646,1092,356,73097,62334,38509,27296,3859,2004,1235
E10000003,Cambridgeshire,Counties,CNTY,251241,250626,218075,91127,76781,50167,30777,25876,3408,1493,1493,1774,615,93644,78575,51876,27773,4244,1825,1947
E10000006,Cumbria,Counties,CNTY,222042,221723,197634,57115,73391,67128,23106,17348,3707,2051,2051,983,319,61310,77041,73274,19267,5494,2621,1142
E10000007,Derbyshire,Counties,CNTY,332637,332479,304747,106994,130455,67298,26917,21090,3341,2486,2486,815,158,110475,134321,71498,22477,4252,3234,907
E10000008,Devon,Counties,CNTY,322644,321866,272818,115080,82052,75686,46294,30792,11608,3894,3894,2754,778,123207,86646,82205,34239,15683,4750,3282
E10000009,Dorset,Counties,CNTY,180213,180102,150599,74530,40864,35205,27565,21189,4405,1971,1971,1938,111,79079,43026,38467,23911,5747,2379,2450
E10000011,East Sussex,Counties,CNTY,231905,230961,175225,75470,57533,42222,54533,36710,14840,2983,2983,1203,944,78428,59238,44070,39935,17431,3548,1410
E10000012,Essex,Counties,CNTY,581589,581088,484521,177743,182270,124508,92314,81968,6685,3661,3661,4253,501,183880,186930,128720,87291,7891,4494,5117
E10000013,Gloucestershire,Counties,CNTY,254615,253982,216189,78320,87892,49977,35802,26921,6839,2042,2042,1991,633,82550,91114,52961,29027,8962,2742,2211
E10000014,Hampshire,Counties,CNTY,545254,544878,456812,188278,145975,122559,84154,72198,7622,4334,4334,3912,376,193666,149048,126291,76749,8629,5210,4292
E10000015,Hertfordshire,Counties,CNTY,453817,453307,353351,96282,128817,128252,98257,86550,7499,4208,4208,1699,510,98931,131113,131578,91516,8385,4929,1974
E10000016,Kent,Counties,CNTY,605638,604002,493723,153418,189374,150931,106446,79521,21165,5760,5760,3833,1636,159426,193930,157343,84890,26317,7229,5665
E10000017,Lancashire,Counties,CNTY,496299,495633,434054,111118,168109,154827,58223,46134,8230,3859,3859,3356,666,114689,173322,164859,49639,10829,5018,4349
E10000018,Leicestershire,Counties,CNTY,267434,267284,244770,98918,103661,42191,21438,17540,2150,1748,1748,1076,150,101257,106482,44250,19305,2516,2190,1178
E10000019,Lincolnshire,Counties,CNTY,306971,306699,278165,140504,89621,48040,25941,20198,3661,2082,2082,2593,272,145817,92744,51483,21590,4860,2788,2970
E10000020,Norfolk,Counties,CNTY,372085,371650,325426,145299,109388,70739,44284,36272,5492,2520,2520,1940,435,154210,114641,76955,39510,7376,3299,6187
E10000021,Northamptonshire,Counties,CNTY,287730,287404,253015,86387,93807,72821,33773,28936,3265,1572,1572,616,326,88615,96302,76296,30561,3927,2051,710
E10000023,North Yorkshire,Counties,CNTY,256594,256039,222737,85329,82112,55296,32035,21319,7954,2762,2762,1267,555,90405,86310,61261,23844,11111,3527,1657
E10000024,Nottinghamshire,Counties,CNTY,334303,334109,302968,120060,128036,54872,29910,24591,3260,2059,2059,1231,194,123592,131391,57729,26267,4040,2638,1387
E10000025,Oxfordshire,Counties,CNTY,258855,258229,216840,74503,83929,58408,39418,31654,5680,2084,2084,1971,626,77546,86460,60573,33881,6928,2555,2127
E10000027,Somerset,Counties,CNTY,226989,226738,198013,73866,70415,53732,27235,20285,4917,2033,2033,1490,251,77435,72850,56775,22146,6383,2543,1833
E10000028,Staffordshire,Counties,CNTY,355263,354974,315801,118863,135835,61103,37377,31522,3544,2311,2311,1796,289,122067,139170,63797,33294,4301,2935,1970
E10000029,Suffolk,Counties,CNTY,310745,310345,273054,108840,96238,67976,35779,28658,4782,2339,2339,1512,400,114335,99997,72301,30775,6134,2896,1727
E10000030,Surrey,Counties,CNTY,455791,455167,357816,151112,134595,72109,93788,77574,11369,4845,4845,3563,624,155969,137758,74156,82889,13117,5892,3979
E10000031,Warwickshire,Counties,CNTY,231005,230574,196940,65489,78575,52876,32360,26145,4301,1914,1914,1274,431,67542,80643,54911,27686,5211,2326,1647
E10000032,West Sussex,Counties,CNTY,345614,344654,269817,103410,91783,74624,72797,58324,11037,3436,3436,2040,960,107608,93923,76739,61792,12982,4033,2429
E10000034,Worcestershire,Counties,CNTY,239717,239317,205652,80672,80223,44757,31634,25388,4195,2051,2051,2031,400,83156,82072,46203,26821,5109,2541,3081
E11000001,Greater Manchester,Counties,CNTY,1128066,1125699,915608,153230,422236,340142,209458,183049,18574,7835,7835,633,2367,156749,432483,355872,194320,22721,10205,699
E11000002,Merseyside,Counties,CNTY,602087,599290,494463,75968,233100,185395,104538,79447,19502,5589,5589,289,2797,77768,238362,193916,86065,24870,7438,320
E11000003,South Yorkshire,Counties,CNTY,565442,564407,487042,108273,241136,137633,76499,66277,6276,3946,3946,866,1035,110846,246903,143897,70062,8027,4908,942
E11000004,Tyne and Wear,Counties,CNTY,484527,484118,379687,47584,197552,134551,104209,83597,17492,3120,3120,222,409,48484,201431,139887,89410,18978,3859,248
E11000005,West Midlands,Counties,CNTY,1086748,1083450,866831,161445,420723,284663,215737,186405,19891,9441,9441,882,3298,165175,431655,295033,196446,24051,12086,960
E11000006,West Yorkshire,Counties,CNTY,922452,919831,772104,153900,337347,280857,146370,123697,16314,6359,6359,1357,2621,157796,345680,295540,131552,21060,7954,1548
E13000001,Inner London,Counties,CNTY,1363817,1338413,371483,33211,86189,252083,966041,692052,246835,27154,27154,889,25404,34626,88639,260917,734781,280200,31370,1001
E13000002,Outer London,Counties,CNTY,1902356,1892252,1207525,171877,531135,504513,683077,519023,135991,28063,28063,1650,10104,176606,540968,515904,539745,149256,31425,1817
95AA,Antrim,Local Authorities,LA,20064,20063,18660,8291,4844,5525,1369,1272,64,33,33,34,1,8595,4937,5827,1469,72,53,38
95BB,Ards,Local Authorities,LA,31514,31514,29380,12491,9233,7656,2082,1888,120,74,74,52,0,13189,9560,8373,2141,156,93,57
95CC,Armagh,Local Authorities,LA,21594,21594,20720,11731,5282,3707,811,661,83,67,67,63,0,12487,5556,4065,779,121,103,80
95DD,Ballymena,Local Authorities,LA,24817,24817,23048,11963,6092,4993,1733,1574,107,52,52,36,0,12444,6268,5235,1677,140,70,39
95EE,Ballymoney,Local Authorities,LA,11508,11507,11120,5963,3964,1193,367,311,35,21,21,20,1,6205,4064,1286,350,51,38,24
95FF,Banbridge,Local Authorities,LA,18303,18301,17454,9133,4328,3993,799,713,46,40,40,48,2,9595,4467,4330,801,58,70,57
95GG,Belfast,Local Authorities,LA,120595,120500,99097,13470,34960,50667,21383,18430,2666,287,287,20,95,13822,35840,54087,21839,3732,420,21
95HH,Carrickfergus,Local Authorities,LA,16200,16200,14237,5807,4246,4184,1956,1827,89,40,40,7,0,5924,4316,4417,2014,107,56,8
95II,Castlereagh,Local Authorities,LA,27733,27730,24379,7412,11240,5727,3346,3243,76,27,27,5,3,7568,11520,5949,3588,82,36,6
95JJ,Coleraine,Local Authorities,LA,23508,23504,21455,10791,6135,4529,2035,1792,161,82,82,14,4,11947,7012,5268,2803,300,133,19
95KK,Cookstown,Local Authorities,LA,12904,12902,12462,7455,2894,2113,393,325,30,38,38,47,2,7893,3008,2247,365,44,50,51
95LL,Craigavon,Local Authorities,LA,35931,35929,33838,13047,10532,10259,2057,1812,168,77,77,34,2,13515,10943,11115,1975,202,110,65
95MM,Derry,Local Authorities,LA,40779,40753,36667,10675,13233,12759,4075,3622,369,84,84,11,26,10880,13445,13364,4091,520,119,13
95NN,Down,Local Authorities,LA,26206,26203,24535,13279,6071,5185,1613,1360,154,99,99,55,3,14033,6357,5776,1750,237,157,63
95OO,Dungannon,Local Authorities,LA,20270,20270,19400,10566,5842,2992,790,644,97,49,49,80,0,11115,6078,3229,747,120,96,89
95PP,Fermanagh,Local Authorities,LA,23069,23067,22182,14138,4947,3097,831,666,94,71,71,54,2,15281,5263,3455,832,130,142,63
95QQ,Larne,Local Authorities,LA,13297,13292,12230,5003,3422,3805,1043,950,65,28,28,19,5,5332,3577,4174,1100,98,42,27
95RR,Limavady,Local Authorities,LA,12098,12098,11690,5996,3543,2151,393,342,24,27,27,15,0,6174,3645,2434,378,41,40,17
95SS,Lisburn,Local Authorities,LA,45723,45718,41741,16915,13632,11194,3929,3728,138,63,63,48,5,17435,14102,11808,4158,168,97,56
95TT,Magherafelt,Local Authorities,LA,15037,15037,14613,8769,3541,2303,376,302,36,38,38,48,0,9034,3613,2432,326,43,68,50
95UU,Moyle,Local Authorities,LA,6608,6607,6357,3531,1915,911,244,179,33,32,32,6,1,4123,2230,1206,306,66,70,7
95VV,Newry and Mourne,Local Authorities,LA,35031,35031,33194,16393,11153,5648,1736,1477,182,77,77,101,0,17492,11469,5921,1613,224,106,120
95WW,Newtownabbey,Local Authorities,LA,33971,33971,30009,10891,10990,8128,3949,3834,80,35,35,13,0,11157,11389,8483,4203,86,47,15
95XX,North Down,Local Authorities,LA,33255,33234,29213,12038,10701,6474,3964,3571,323,70,70,57,21,12436,11065,6991,4055,469,91,69
95YY,Omagh,Local Authorities,LA,18443,18438,17671,11094,3860,2717,748,645,62,41,41,19,5,11670,4033,3002,807,87,98,23
95ZZ,Strabane,Local Authorities,LA,14817,14817,14428,7465,3977,2986,364,289,38,37,37,25,0,7786,4147,3204,351,45,87,35
E06000001,Hartlepool,Local Authorities,LA,40434,40412,35203,6822,13448,14933,5121,4489,330,302,302,88,22,6963,13714,15768,4809,377,379,109
E06000002,Middlesbrough,Local Authorities,LA,57203,57070,49724,8001,23394,18329,7325,6389,589,347,347,21,133,8171,24004,19773,6933,789,466,28
E06000003,Redcar and Cleveland,Local Authorities,LA,59605,59534,54037,10853,26602,16582,5472,4107,911,454,454,25,71,11112,27265,17358,4384,1224,578,44
E06000004,Stockton-on-Tees,Local Authorities,LA,79159,79091,70800,19489,32983,18328,8228,7080,716,432,432,63,68,19943,33720,19365,7510,1089,613,68
E06000005,Darlington,Local Authorities,LA,46670,46552,40423,8209,17835,14379,6099,5053,778,268,268,30,118,8407,18283,15198,5411,1057,370,35
E06000006,Halton,Local Authorities,LA,53312,53298,47630,10534,17712,19384,5558,4952,395,211,211,110,14,10703,18078,19911,5176,424,287,115
E06000007,Warrington,Local Authorities,LA,85140,85119,75901,20419,35151,20331,9158,7956,850,352,352,60,21,20826,36023,21162,8381,1040,449,81
E06000008,Blackburn with Darwen,Local Authorities,LA,57353,57253,50492,8069,16590,25833,6708,5657,651,400,400,53,100,8242,16963,27179,5930,822,504,54
E06000009,Blackpool,Local Authorities,LA,64367,64016,49382,5676,24186,19520,14474,9369,4062,1043,1043,160,351,5924,25279,20771,10103,5724,1367,175
E06000010,"Kingston upon Hull; City of",Local Authorities,LA,112596,112398,94208,8043,30853,55312,18114,13882,3073,1159,1159,76,198,8215,31375,57334,14700,3528,1420,79
E06000011,East Riding of Yorkshire,Local Authorities,LA,143032,142917,129886,49480,52383,28023,12673,9351,2077,1245,1245,358,115,51268,54026,29791,10103,2773,1559,438
E06000012,North East Lincolnshire,Local Authorities,LA,69707,69656,60663,14529,23234,22900,8917,6660,1600,657,657,76,51,15003,23782,24009,6979,1866,823,98
E06000013,North Lincolnshire,Local Authorities,LA,70684,70654,63703,24038,29545,10120,6423,5199,692,532,532,528,30,24793,30385,10823,5541,827,725,557
E06000014,York,Local Authorities,LA,83552,83265,69134,18539,30170,20425,13975,11431,1866,678,678,156,287,18983,30800,21224,12343,2399,827,159
E06000015,Derby,Local Authorities,LA,102271,102082,87635,23969,40097,23569,14212,11984,1598,630,630,235,189,24580,41182,24904,12744,2175,843,259
E06000016,Leicester,Local Authorities,LA,123125,122339,95994,13055,43951,38988,26282,21205,3713,1364,1364,63,786,13390,44880,40290,22341,4722,1694,66
E06000017,Rutland,Local Authorities,LA,15002,14998,13834,7097,4109,2628,1066,807,143,116,116,98,4,7466,4382,2894,878,184,153,115
E06000018,Nottingham,Local Authorities,LA,126131,125655,94934,18954,39976,36004,30641,25240,4191,1210,1210,80,476,19407,41107,37654,26863,4951,1522,82
E06000019,"Herefordshire; County of",Local Authorities,LA,78319,78186,68598,33106,21789,13703,8888,6595,1548,745,745,700,133,35021,22585,14165,6973,2035,957,940
E06000020,Telford and Wrekin,Local Authorities,LA,66608,66591,59783,20509,24455,14819,6547,5706,500,341,341,261,17,20945,25001,15534,5981,548,444,277
E06000021,Stoke-on-Trent,Local Authorities,LA,107575,107453,95154,15453,48779,30922,12244,10553,1065,626,626,55,122,15814,49966,33094,10973,1271,782,77
E06000022,Bath and North East Somerset,Local Authorities,LA,73515,73072,57579,16024,20873,20682,15211,9059,5338,814,814,282,443,16524,21350,21318,9515,6351,951,295
E06000023,"Bristol; City of",Local Authorities,LA,182747,180983,120840,10915,48762,61163,59991,38200,19077,2714,2714,152,1764,11164,49983,63331,40016,22074,3149,168
E06000024,North Somerset,Local Authorities,LA,88227,87933,70291,29547,26694,14050,16755,10595,5449,711,711,887,294,30398,27476,14463,11352,6458,857,950
E06000025,South Gloucestershire,Local Authorities,LA,107538,107489,95006,28541,36946,29519,11807,9708,1406,693,693,676,49,29001,37523,30140,10240,1580,816,724
E06000026,Plymouth,Local Authorities,LA,109307,108743,81179,11961,32573,36645,27291,18451,8059,781,781,273,564,12220,33245,37987,19272,9553,950,301
E06000027,Torbay,Local Authorities,LA,59010,58605,41924,13432,14448,14044,16490,10049,5474,967,967,191,405,14088,15012,15143,11409,7208,1292,218
E06000028,Bournemouth,Local Authorities,LA,82374,80584,42857,26324,11253,5280,37313,24594,10913,1806,1806,414,1790,26989,11494,5429,27388,13225,2058,433
E06000029,Poole,Local Authorities,LA,63530,63348,46621,25368,13313,7940,16681,13937,2108,636,636,46,182,26101,13566,8236,15536,2429,731,47
E06000030,Swindon,Local Authorities,LA,88360,88242,73269,18974,26184,28111,14782,12998,1334,450,450,191,118,19273,26622,29103,13833,1601,578,217
E06000031,Peterborough,Local Authorities,LA,74023,73958,62110,20443,23294,18373,11411,10005,1036,370,370,437,65,20851,23918,19376,10323,1298,590,470
E06000032,Luton,Local Authorities,LA,74293,73969,58219,9601,30029,18589,15633,13140,1895,598,598,117,324,9772,30616,19068,13800,2223,693,123
E06000033,Southend-on-Sea,Local Authorities,LA,74678,74217,49808,12202,23812,13794,24376,13647,9451,1278,1278,33,461,12512,24457,14479,14733,11300,1611,34
E06000034,Thurrock,Local Authorities,LA,62353,62324,48405,7442,20687,20276,13751,12752,536,463,463,168,29,7609,21022,20610,13349,570,547,182
E06000035,Medway,Local Authorities,LA,106209,106038,89939,14683,31893,43363,15420,12393,2136,891,891,679,171,15031,32487,44980,13198,2563,1095,909
E06000036,Bracknell Forest,Local Authorities,LA,45878,45817,36726,12606,9516,14604,8286,7710,350,226,226,805,61,12883,9648,14885,8058,464,262,839
E06000037,West Berkshire,Local Authorities,LA,62340,62278,53064,21163,20722,11179,8549,7076,1072,401,401,665,62,21875,21198,11542,7548,1272,503,719
E06000038,Reading,Local Authorities,LA,62869,62452,43149,7758,16221,19170,19169,15477,3127,565,565,134,417,7992,16686,20024,16492,3885,696,150
E06000039,Slough,Local Authorities,LA,50766,50568,33772,5089,14270,14413,16753,14906,1491,356,356,43,198,5190,14478,14669,15544,1612,442,45
E06000040,Windsor and Maidenhead,Local Authorities,LA,58349,58300,44360,18268,15101,10991,13340,10871,1775,694,694,600,49,18992,15426,11432,11543,2033,852,665
E06000041,Wokingham,Local Authorities,LA,60332,60312,53555,27055,17674,8826,6252,5366,612,274,274,505,20,27840,18065,9107,5759,734,340,645
E06000042,Milton Keynes,Local Authorities,LA,98584,98539,83309,28323,28080,26906,15179,13955,850,374,374,51,45,28781,28636,28006,15139,952,456,78
E06000043,Brighton and Hove,Local Authorities,LA,121540,118874,61658,12519,23805,25334,57183,30103,24896,2184,2184,33,2666,12897,24174,26001,31739,29466,2495,55
E06000044,Portsmouth,Local Authorities,LA,85473,84845,55745,3572,13542,38631,28964,21928,5873,1163,1163,136,628,3667,13809,39699,23209,6791,1323,140
E06000045,Southampton,Local Authorities,LA,98254,97477,59430,13016,25547,20867,37987,32126,4866,995,995,60,777,13336,26029,21324,33569,5790,1157,67
E06000046,Isle of Wight,Local Authorities,LA,61085,60926,48510,21269,17848,9393,12036,7810,3352,874,874,380,159,23164,19067,10573,8992,4333,1098,449
E06000047,County Durham,Local Authorities,LA,223803,223755,211091,43114,83225,84752,12436,9941,1306,1189,1189,228,48,44287,85322,89782,10709,1569,1548,320
E06000048,Northumberland,Local Authorities,LA,138534,138500,123592,35120,50127,38345,14676,11602,2142,932,932,232,34,37247,52263,41652,12663,2566,1231,421
E06000049,Cheshire East,Local Authorities,LA,159441,159344,142477,56685,51914,33878,16202,13418,1706,1078,1078,665,97,58368,53498,35582,14620,2116,1365,780
E06000050,Cheshire West and Chester,Local Authorities,LA,141442,141276,124364,42436,51541,30387,16052,13558,1607,887,887,860,166,43673,52927,32082,14696,2176,1173,1019
E06000051,Shropshire,Local Authorities,LA,129674,129585,117100,51489,43922,21689,11599,8347,2033,1219,1219,886,89,53529,45289,22807,8995,2419,1543,1063
E06000054,Wiltshire,Local Authorities,LA,194194,194009,171644,68253,60961,42430,20986,16576,3009,1401,1401,1379,185,70890,62583,44213,17653,3561,1733,1512
E06000055,Bedford,Local Authorities,LA,63812,63521,52775,17736,20982,14057,10183,7724,1970,489,489,563,291,18554,21776,14818,8458,2729,711,607
E06000056,Central Bedfordshire,Local Authorities,LA,104399,104372,91958,29800,35944,26214,11483,9848,960,675,675,931,27,30656,36801,27482,10749,1134,878,1033
E07000004,Aylesbury Vale,Local Authorities,LA,69406,69240,61303,22623,22342,16338,7810,6613,827,370,370,127,166,23293,23063,16916,7165,1007,470,158
E07000005,Chiltern,Local Authorities,LA,36946,36918,31579,16240,9215,6124,5096,4161,545,390,390,243,28,16719,9456,6315,4419,643,465,289
E07000006,South Bucks,Local Authorities,LA,26514,26498,21149,10862,6589,3698,4932,4209,388,335,335,417,16,11290,6782,3826,4492,447,417,467
E07000007,Wycombe,Local Authorities,LA,67861,67715,54799,21278,22570,10951,12611,10555,1505,551,551,305,146,21795,23033,11452,11220,1762,652,321
E07000008,Cambridge,Local Authorities,LA,46714,46202,31612,4890,12681,14041,14510,12518,1562,430,430,80,512,5093,12905,14512,13641,2104,497,83
E07000009,East Cambridgeshire,Local Authorities,LA,34614,34602,31860,14696,11079,6085,2421,1914,325,182,182,321,12,15144,11369,6281,2024,376,219,347
E07000010,Fenland,Local Authorities,LA,40620,40572,36838,18596,11872,6370,3415,2780,385,250,250,319,48,19178,12175,6665,2931,478,331,366
E07000011,Huntingdonshire,Local Authorities,LA,69333,69313,62036,28013,20929,13094,6846,5763,706,377,377,431,20,28653,21464,13507,6079,777,470,464
E07000012,South Cambridgeshire,Local Authorities,LA,59960,59937,55729,24932,20220,10577,3585,2901,430,254,254,623,23,25576,20662,10911,3098,509,308,687
E07000026,Allerdale,Local Authorities,LA,42345,42339,38715,11456,14063,13196,3445,2507,512,426,426,179,6,12118,14704,14368,2785,726,546,191
E07000027,Barrow-in-Furness,Local Authorities,LA,31224,31190,27739,3776,9272,14691,3176,2630,324,222,222,275,34,3913,9526,15664,2939,435,287,294
E07000028,Carlisle,Local Authorities,LA,48342,48131,42331,11237,17313,13781,5707,4756,651,300,300,93,211,11588,17876,14414,5118,966,368,99
E07000029,Copeland,Local Authorities,LA,30536,30514,28152,7143,11738,9271,2166,1633,328,205,205,196,22,7549,12156,10072,1759,451,259,204
E07000030,Eden,Local Authorities,LA,23043,23037,20745,8869,7007,4869,2171,1543,412,216,216,121,6,9682,7588,5493,1641,506,259,139
E07000031,South Lakeland,Local Authorities,LA,46552,46512,39952,14634,13998,11320,6441,4279,1480,682,682,119,40,16460,15191,13263,5025,2410,902,215
E07000032,Amber Valley,Local Authorities,LA,52596,52588,49270,19023,19424,10823,3247,2452,403,392,392,71,8,19669,20035,11489,2632,518,520,79
E07000033,Bolsover,Local Authorities,LA,32801,32799,30940,9390,14487,7063,1831,1482,157,192,192,28,2,9672,15021,7625,1575,177,263,31
E07000034,Chesterfield,Local Authorities,LA,46796,46758,40884,11320,21115,8449,5781,5027,473,281,281,93,38,11606,21623,8892,5311,628,383,99
E07000035,Derbyshire Dales,Local Authorities,LA,30744,30734,27957,12678,9470,5809,2737,1958,407,372,372,40,10,13493,10118,6571,2149,609,482,67
E07000036,Erewash,Local Authorities,LA,48692,48650,44879,13937,21790,9152,3719,2908,435,376,376,52,42,14322,22329,9649,3135,568,505,64
E07000037,High Peak,Local Authorities,LA,38946,38892,34204,9290,11574,13340,4598,3172,1010,416,416,90,54,9613,11915,14040,3414,1227,511,101
E07000038,North East Derbyshire,Local Authorities,LA,43070,43068,40288,15702,18869,5717,2587,2143,188,256,256,193,2,16044,19177,5905,2211,212,304,199
E07000039,South Derbyshire,Local Authorities,LA,38992,38990,36325,15654,13726,6945,2417,1948,268,201,201,248,2,16056,14103,7327,2050,313,266,267
E07000040,East Devon,Local Authorities,LA,59071,58980,50270,23275,15569,11426,8369,5224,2364,781,781,341,91,24567,16399,12484,6067,3057,969,413
E07000041,Exeter,Local Authorities,LA,49242,48873,35803,6731,12829,16243,12710,9812,2393,505,505,360,369,6926,13072,16707,10363,3002,571,379
E07000042,Mid Devon,Local Authorities,LA,32758,32734,29615,12694,9432,7489,2950,2039,603,308,308,169,24,13079,9700,7811,2133,720,358,189
E07000043,North Devon,Local Authorities,LA,40001,39879,33682,15570,9013,9099,5854,3585,1621,648,648,343,122,17113,9744,10011,4043,2435,795,418
E07000044,South Hams,Local Authorities,LA,36858,36846,32474,14691,10025,7758,4146,2538,1178,430,430,226,12,16624,11043,9417,3218,2019,602,322
E07000045,Teignbridge,Local Authorities,LA,54003,53896,45489,20100,13193,12196,7356,4468,2283,605,605,1051,107,21165,13883,13082,4874,2919,719,1174
E07000046,Torridge,Local Authorities,LA,27986,27950,25042,12083,6179,6780,2789,1758,679,352,352,119,36,13071,6608,7535,1992,905,412,206
E07000047,West Devon,Local Authorities,LA,22725,22708,20443,9936,5812,4695,2120,1368,487,265,265,145,17,10662,6197,5158,1549,626,324,181
E07000048,Christchurch,Local Authorities,LA,21475,21470,16818,8907,4167,3744,4545,3727,550,268,268,107,5,9399,4373,4073,4230,615,332,120
E07000049,East Dorset,Local Authorities,LA,37564,37553,32365,22824,5947,3594,4303,3661,389,253,253,885,11,23587,6095,3694,3937,426,293,947
E07000050,North Dorset,Local Authorities,LA,28670,28646,25569,11631,8394,5544,2901,2193,428,280,280,176,24,12316,8722,5935,2335,568,342,198
E07000051,Purbeck,Local Authorities,LA,19583,19573,16348,7723,4966,3659,2891,2047,580,264,264,334,10,8452,5354,4130,2649,879,316,360
E07000052,West Dorset,Local Authorities,LA,44386,44359,37577,16626,11041,9910,6381,4914,991,476,476,401,27,18231,11902,11148,5616,1331,592,519
E07000053,Weymouth and Portland,Local Authorities,LA,28535,28501,21922,6819,6349,8754,6544,4647,1467,430,430,35,34,7094,6580,9487,5144,1928,504,306
E07000061,Eastbourne,Local Authorities,LA,45012,44589,28395,7635,9524,11236,16160,11787,3776,597,597,34,423,7837,9787,11643,13234,4606,699,36
E07000062,Hastings,Local Authorities,LA,41159,40808,25528,7558,8471,9499,15187,8312,6230,645,645,93,351,7734,8652,9872,8675,7210,780,136
E07000063,Lewes,Local Authorities,LA,42181,42122,34388,14966,11325,8097,7501,5730,1269,502,502,233,59,15397,11629,8364,6255,1430,574,241
E07000064,Rother,Local Authorities,LA,40877,40811,31928,17327,9171,5430,8736,5633,2456,647,647,147,66,18430,9589,5902,6209,2922,788,229
E07000065,Wealden,Local Authorities,LA,62676,62631,54986,27984,19042,7960,6949,5248,1109,592,592,696,45,29030,19581,8289,5562,1263,707,768
E07000066,Basildon,Local Authorities,LA,72746,72736,60360,15888,18797,25675,12065,11384,480,201,201,311,10,16090,19051,26026,11820,502,228,322
E07000067,Braintree,Local Authorities,LA,61043,61000,53119,17467,20926,14726,7716,6706,662,348,348,165,43,17969,21285,15065,7103,753,388,180
E07000068,Brentwood,Local Authorities,LA,30646,30620,24342,9562,9925,4855,6197,5292,636,269,269,81,26,9945,10230,5036,5748,705,327,97
E07000069,Castle Point,Local Authorities,LA,36440,36427,32428,15406,14028,2994,2990,2438,290,262,262,1009,13,15677,14361,3074,2629,332,345,1275
E07000070,Chelmsford,Local Authorities,LA,69667,69638,57232,20907,22008,14317,11993,10929,681,383,383,413,29,21258,22388,14576,11351,756,468,476
E07000071,Colchester,Local Authorities,LA,71634,71426,57433,22483,21697,13253,13894,12521,1018,355,355,99,208,23264,22334,13917,13327,1288,478,123
E07000072,Epping Forest,Local Authorities,LA,51991,51978,40661,11997,16758,11906,10616,9575,574,467,467,701,13,12696,17183,12384,10205,665,567,733
E07000073,Harlow,Local Authorities,LA,34620,34603,26059,3276,5231,17552,8520,8149,249,122,122,24,17,3356,5298,18156,8496,269,137,40
E07000074,Maldon,Local Authorities,LA,25817,25817,23390,11577,7754,4059,2184,1721,239,224,224,243,0,12047,7995,4287,1896,267,263,457
E07000075,Rochford,Local Authorities,LA,33564,33545,29708,11155,15864,2689,3368,3020,159,189,189,469,19,11345,16176,2767,3248,184,232,509
E07000076,Tendring,Local Authorities,LA,62105,61982,51820,24886,19660,7274,9602,7580,1363,659,659,560,123,26564,20629,7978,8544,1781,840,700
E07000077,Uttlesford,Local Authorities,LA,31316,31316,27969,13139,9622,5208,3169,2653,334,182,182,178,0,13669,10000,5454,2924,389,221,205
E07000078,Cheltenham,Local Authorities,LA,50929,50591,37091,9239,16741,11111,13198,9211,3490,497,497,302,338,9473,17169,11545,9940,4370,621,312
E07000079,Cotswold,Local Authorities,LA,36236,36212,32130,13385,11301,7444,3751,2752,639,360,360,331,24,14823,12051,8446,2931,863,499,355
E07000080,Forest of Dean,Local Authorities,LA,34167,34152,31754,15402,11736,4616,2120,1388,451,281,281,278,15,16257,12263,4833,1536,577,395,314
E07000081,Gloucester,Local Authorities,LA,50363,50163,41842,10590,20139,11113,8120,6656,1172,292,292,201,200,10788,20726,11710,7237,1826,424,235
E07000082,Stroud,Local Authorities,LA,47794,47748,42276,17431,15700,9145,5207,3993,805,409,409,265,46,18222,16234,9521,4237,991,497,281
E07000083,Tewkesbury,Local Authorities,LA,35126,35116,31096,12273,12275,6548,3406,2921,282,203,203,614,10,12987,12671,6906,3146,335,306,714
E07000084,Basingstoke and Deane,Local Authorities,LA,69315,69279,59074,21462,17328,20284,9961,8963,729,269,269,244,36,21890,17615,20624,9444,814,319,259
E07000085,East Hampshire,Local Authorities,LA,47258,47236,40283,20151,11726,8406,6644,5468,792,384,384,309,22,20883,12046,8757,5737,870,462,359
E07000086,Eastleigh,Local Authorities,LA,52177,52160,43583,17593,14492,11498,8210,7124,749,337,337,367,17,17894,14698,11783,7447,791,409,393
E07000087,Fareham,Local Authorities,LA,46579,46569,40698,16968,14950,8780,5715,5068,349,298,298,156,10,17243,15246,9131,5421,382,355,172
E07000088,Gosport,Local Authorities,LA,35430,35394,27163,4739,9445,12979,8139,7210,531,398,398,92,36,4841,9612,13318,7758,607,461,115
E07000089,Hart,Local Authorities,LA,35510,35485,31477,15919,9035,6523,3760,3214,276,270,270,248,25,16222,9220,6736,3400,320,331,298
E07000090,Havant,Local Authorities,LA,51311,51269,41598,14510,14734,12354,9522,8416,596,510,510,149,42,14976,14958,12606,8830,660,606,178
E07000091,New Forest,Local Authorities,LA,76839,76782,65493,35037,18281,12175,10049,8193,1010,846,846,1240,57,36410,18715,12729,9000,1200,975,1303
E07000092,Rushmoor,Local Authorities,LA,36344,36272,27113,6205,11872,9036,8972,7713,917,342,342,187,72,6340,12199,9307,8145,1082,443,208
E07000093,Test Valley,Local Authorities,LA,47626,47603,41524,18413,12327,10784,5713,4839,562,312,312,366,23,18995,12581,11061,5118,636,376,397
E07000094,Winchester,Local Authorities,LA,46865,46829,38806,17281,11785,9740,7469,5990,1111,368,368,554,36,17972,12158,10239,6449,1267,473,610
E07000095,Broxbourne,Local Authorities,LA,37658,37636,28410,5725,10857,11828,9109,8295,429,385,385,117,22,5903,11090,12283,8852,474,462,143
E07000096,Dacorum,Local Authorities,LA,59938,59908,46793,12934,14720,19139,12844,11482,857,505,505,271,30,13214,14939,19535,12400,938,600,343
E07000097,East Hertfordshire,Local Authorities,LA,56577,56564,46148,15890,17203,13055,10309,9031,811,467,467,107,13,16294,17459,13397,9615,912,562,117
E07000098,Hertsmere,Local Authorities,LA,39778,39731,29813,7727,13177,8909,9712,8732,519,461,461,206,47,7996,13493,9175,9030,578,542,220
E07000099,North Hertfordshire,Local Authorities,LA,53426,53396,43406,13158,16269,13979,9655,8466,736,453,453,335,30,13450,16547,14315,8952,827,549,355
E07000100,St Albans,Local Authorities,LA,56140,56025,44034,15054,17087,11893,11745,9873,1309,563,563,246,115,15443,17403,12231,10501,1472,644,306
E07000101,Stevenage,Local Authorities,LA,34898,34879,27987,4059,6397,17531,6873,6311,320,242,242,19,19,4105,6470,17758,6613,352,266,20
E07000102,Three Rivers,Local Authorities,LA,35108,35100,28327,9134,12467,6726,6486,5819,356,311,311,287,8,9494,12666,6899,6030,389,353,328
E07000103,Watford,Local Authorities,LA,36681,36474,24384,3869,10402,10113,12074,9751,1813,510,510,16,207,3935,10559,10298,10139,2059,570,17
E07000104,Welwyn Hatfield,Local Authorities,LA,43613,43594,34049,8732,10238,15079,9450,8790,349,311,311,95,19,9097,10487,15687,9384,384,381,125
E07000105,Ashford,Local Authorities,LA,47787,47731,42111,15898,14652,11561,5186,4315,647,224,224,434,56,16613,15034,12031,4542,803,284,499
E07000106,Canterbury,Local Authorities,LA,60771,60583,49305,19236,18750,11319,10740,7923,2117,700,700,538,188,20098,19262,11974,8540,2596,898,673
E07000107,Dartford,Local Authorities,LA,40081,40045,31127,5087,12689,13351,8805,7702,902,201,201,113,36,5195,12870,13674,8152,989,252,118
E07000108,Dover,Local Authorities,LA,48310,48118,39878,10884,14679,14315,7920,5833,1582,505,505,320,192,11312,15254,15177,6161,2135,600,976
E07000109,Gravesham,Local Authorities,LA,40431,40373,32548,6525,13136,12887,7704,6253,1076,375,375,121,58,6754,13321,13248,6534,1259,499,129
E07000110,Maidstone,Local Authorities,LA,63447,63281,52997,16212,21545,15240,9712,8242,1116,354,354,572,166,16745,21954,15752,8705,1405,471,641
E07000111,Sevenoaks,Local Authorities,LA,47020,46993,40278,15627,13605,11046,6182,4900,908,374,374,533,27,16101,13870,11284,5089,1024,465,567
E07000112,Shepway,Local Authorities,LA,47379,47017,35210,12887,11742,10581,11584,7192,3662,730,730,223,362,13451,12032,11010,7726,4492,883,279
E07000113,Swale,Local Authorities,LA,55585,55515,49036,13088,18467,17481,6138,4749,926,463,463,341,70,13653,18870,18307,4987,1151,592,493
E07000114,Thanet,Local Authorities,LA,59513,59237,43662,12121,17695,13846,15241,10200,4219,822,822,334,276,12790,18332,14826,11450,5890,1063,925
E07000115,Tonbridge and Malling,Local Authorities,LA,48140,48121,42268,13107,18323,10838,5688,4760,552,376,376,165,19,13618,18707,11281,5049,644,486,199
E07000116,Tunbridge Wells,Local Authorities,LA,47174,46988,35303,12746,14091,8466,11546,7452,3458,636,636,139,186,13096,14424,8779,7955,3929,736,166
E07000117,Burnley,Local Authorities,LA,37550,37532,34276,5112,10873,18291,3161,2624,282,255,255,95,18,5203,11144,20009,2774,382,349,103
E07000118,Chorley,Local Authorities,LA,44919,44880,40566,13393,15144,12029,4108,3571,269,268,268,206,39,13776,15649,12590,3871,349,339,232
E07000119,Fylde,Local Authorities,LA,34885,34811,27048,9445,11444,6159,7219,4971,1854,394,394,544,74,9814,11815,6530,5707,2388,485,696
E07000120,Hyndburn,Local Authorities,LA,34341,34328,31094,4145,9167,17782,3106,2602,279,225,225,128,13,4225,9377,18933,2696,337,289,142
E07000121,Lancaster,Local Authorities,LA,57822,57620,47951,10658,21948,15345,9199,6593,2075,531,531,470,202,11067,22678,16128,7011,2889,644,525
E07000122,Pendle,Local Authorities,LA,37348,37344,34439,5046,8792,20601,2842,2228,312,302,302,63,4,5157,9004,22106,2323,342,378,77
E07000123,Preston,Local Authorities,LA,57567,57371,46577,9590,18929,18058,10765,8989,1281,495,495,29,196,9846,19439,19170,9653,1673,705,33
E07000124,Ribble Valley,Local Authorities,LA,24045,24042,21888,7630,6897,7361,1866,1413,227,226,226,288,3,7887,7101,7726,1482,250,265,308
E07000125,Rossendale,Local Authorities,LA,29058,29051,26051,6059,7560,12432,2920,2445,238,237,237,80,7,6233,7819,13444,2634,303,326,93
E07000126,South Ribble,Local Authorities,LA,46102,46086,41922,12939,20993,7990,4002,3445,279,278,278,162,16,13295,21545,8352,3643,322,368,190
E07000127,West Lancashire,Local Authorities,LA,45381,45361,40623,13449,16849,10325,4214,3704,315,195,195,524,20,14020,17444,10845,3935,388,306,1056
E07000128,Wyre,Local Authorities,LA,47281,47207,41619,13652,19513,8454,4821,3549,819,453,453,767,74,14166,20307,9026,3910,1206,564,894
E07000129,Blaby,Local Authorities,LA,38686,38683,36270,14042,18289,3939,2298,1932,157,209,209,115,3,14331,18729,4058,2013,176,246,118
E07000130,Charnwood,Local Authorities,LA,66516,66433,58756,20420,26007,12329,7386,6182,713,491,491,291,83,21025,26657,12991,6822,866,631,313
E07000131,Harborough,Local Authorities,LA,34898,34887,32240,16881,10087,5272,2498,2008,276,214,214,149,11,17203,10328,5489,2354,308,267,161
E07000132,Hinckley and Bosworth,Local Authorities,LA,45377,45358,41592,17025,17419,7148,3634,3032,289,313,313,132,19,17382,17874,7511,3270,332,390,167
E07000133,Melton,Local Authorities,LA,21490,21468,19868,8784,7743,3341,1546,1145,264,137,137,54,22,9011,7970,3485,1215,310,161,60
E07000134,North West Leicestershire,Local Authorities,LA,39128,39118,36253,15362,13891,7000,2532,1947,320,265,265,333,10,15704,14233,7347,2133,368,332,355
E07000135,Oadby and Wigston,Local Authorities,LA,21339,21337,19791,6404,10225,3162,1544,1294,131,119,119,2,2,6601,10691,3369,1498,156,163,4
E07000136,Boston,Local Authorities,LA,27291,27275,24194,11824,8425,3945,2954,2408,381,165,165,127,16,12246,8639,4169,2523,439,204,137
E07000137,East Lindsey,Local Authorities,LA,60890,60768,54396,31089,16424,6883,5341,3501,1134,706,706,1031,122,32997,17252,7368,3784,1684,957,1228
E07000138,Lincoln,Local Authorities,LA,39825,39764,32123,7836,11777,12510,7615,6560,800,255,255,26,61,8120,12228,13636,7118,1098,380,43
E07000139,North Kesteven,Local Authorities,LA,45972,45966,43658,25185,13797,4676,1873,1480,207,186,186,435,6,25911,14245,4887,1571,238,243,459
E07000140,South Holland,Local Authorities,LA,37264,37226,35363,20674,11101,3588,1683,1182,302,199,199,180,38,21373,11430,3776,1238,382,275,221
E07000141,South Kesteven,Local Authorities,LA,57344,57317,52303,24330,17729,10244,4674,3673,639,362,362,340,27,25019,18165,10869,3892,758,463,386
E07000142,West Lindsey,Local Authorities,LA,38385,38383,36128,19566,10368,6194,1801,1394,198,209,209,454,2,20151,10785,6778,1464,261,266,496
E07000143,Breckland,Local Authorities,LA,54519,54502,50810,25556,15821,9433,3480,2790,420,270,270,212,17,26842,16420,10055,2975,533,341,272
E07000144,Broadland,Local Authorities,LA,53336,53317,50777,25042,20321,5414,2242,1774,268,200,200,298,19,25710,20816,5606,1849,335,257,312
E07000145,Great Yarmouth,Local Authorities,LA,42079,41982,35482,12393,10152,12937,6033,4634,969,430,430,467,97,13059,10487,13610,4804,1344,571,563
E07000146,King's Lynn and West Norfolk,Local Authorities,LA,62977,62926,57129,28085,19652,9392,5349,4314,684,351,351,448,51,30760,21237,10960,5269,960,491,4339
E07000147,North Norfolk,Local Authorities,LA,46046,46024,41484,20937,13843,6704,4272,2827,983,462,462,268,22,23448,15332,8603,3398,1421,613,428
E07000148,Norwich,Local Authorities,LA,60319,60092,40260,6358,13381,20521,19779,17442,1759,578,578,53,227,6552,13726,21519,18605,2311,769,56
E07000149,South Norfolk,Local Authorities,LA,52809,52807,49484,26928,16218,6338,3129,2491,409,229,229,194,2,27839,16623,6602,2610,472,257,217
E07000150,Corby,Local Authorities,LA,25215,25215,22273,5373,9427,7473,2901,2624,183,94,94,41,0,5527,9752,7825,2726,188,113,50
E07000151,Daventry,Local Authorities,LA,31647,31637,29440,13561,9954,5925,2151,1765,194,192,192,46,10,13931,10184,6163,1818,231,249,49
E07000152,East Northamptonshire,Local Authorities,LA,35662,35648,32707,12951,11931,7825,2802,2308,269,225,225,139,14,13409,12290,8299,2547,331,297,166
E07000153,Kettering,Local Authorities,LA,39701,39676,34890,11628,13598,9664,4742,4015,532,195,195,44,25,11992,14012,10198,4319,623,285,57
E07000154,Northampton,Local Authorities,LA,88731,88465,72952,19293,25673,27986,15447,13444,1491,512,512,66,266,19595,26273,29228,14009,1878,634,83
E07000155,South Northamptonshire,Local Authorities,LA,34717,34712,32528,15184,12155,5189,2091,1679,232,180,180,93,5,15618,12488,5477,1829,287,236,113
E07000156,Wellingborough,Local Authorities,LA,32057,32051,28225,8397,11069,8759,3639,3101,364,174,174,187,6,8543,11303,9106,3313,389,237,192
E07000163,Craven,Local Authorities,LA,24583,24573,22325,6232,7109,8984,2016,1282,432,302,302,232,10,6799,7531,10025,1471,570,364,260
E07000164,Hambleton,Local Authorities,LA,38117,38091,35334,16024,11481,7829,2582,1928,371,283,283,175,26,16582,11877,8273,2110,471,357,253
E07000165,Harrogate,Local Authorities,LA,67169,66922,55305,21374,20567,13364,11086,7081,3227,778,778,531,247,22171,21283,14091,7578,4008,899,582
E07000166,Richmondshire,Local Authorities,LA,20207,20200,18615,7159,7239,4217,1493,1048,296,149,149,92,7,7902,7955,5012,1127,394,182,231
E07000167,Ryedale,Local Authorities,LA,22524,22524,20870,9330,7341,4199,1566,1089,245,232,232,88,0,10075,7840,4888,1184,313,320,123
E07000168,Scarborough,Local Authorities,LA,49435,49181,38211,11300,16108,10803,10902,6908,3154,840,840,68,254,12321,17138,12708,8233,5058,1156,106
E07000169,Selby,Local Authorities,LA,34559,34548,32077,13910,12267,5900,2390,1983,229,178,178,81,11,14555,12686,6264,2141,297,249,102
E07000170,Ashfield,Local Authorities,LA,50931,50892,46829,14808,21753,10268,4017,3236,427,354,354,46,39,15190,22309,10867,3439,518,456,50
E07000171,Bassetlaw,Local Authorities,LA,47667,47643,44242,16224,20192,7826,3218,2600,341,277,277,183,24,16794,20710,8153,2728,460,352,222
E07000172,Broxtowe,Local Authorities,LA,46820,46808,41746,17155,16782,7809,4974,4286,338,350,350,88,12,17598,17253,8182,4699,420,440,91
E07000173,Gedling,Local Authorities,LA,49349,49332,43788,18919,17156,7713,5307,4576,404,327,327,237,17,19370,17535,7962,4899,454,400,258
E07000174,Mansfield,Local Authorities,LA,44928,44890,40783,13135,19468,8180,4016,3408,388,220,220,91,38,13543,20038,8775,3639,482,324,94
E07000175,Newark and Sherwood,Local Authorities,LA,48773,48754,44717,18510,18313,7894,3777,3053,459,265,265,260,19,19198,18866,8394,3216,632,350,299
E07000176,Rushcliffe,Local Authorities,LA,45835,45790,40863,21309,14372,5182,4601,3432,903,266,266,326,45,21899,14680,5396,3647,1074,316,373
E07000177,Cherwell,Local Authorities,LA,56728,56672,50589,17234,20202,13153,5926,4728,824,374,374,157,56,17850,20800,13661,5060,1041,490,177
E07000178,Oxford,Local Authorities,LA,55375,54851,37546,5044,16749,15753,17153,13776,2808,569,569,152,524,5216,17163,16251,14747,3511,646,161
E07000179,South Oxfordshire,Local Authorities,LA,54104,54088,47532,19420,17766,10346,5696,4536,717,443,443,860,16,20279,18303,10779,4943,859,579,921
E07000180,Vale of White Horse,Local Authorities,LA,49407,49397,42472,18060,15060,9352,6412,5258,813,341,341,513,10,18581,15467,9612,5536,903,396,541
E07000181,West Oxfordshire,Local Authorities,LA,43241,43221,38701,14745,14152,9804,4231,3356,518,357,357,289,20,15620,14727,10270,3595,614,444,327
E07000187,Mendip,Local Authorities,LA,46157,46103,40725,14602,14821,11302,5217,3759,1048,410,410,161,54,15242,15287,11988,4100,1359,536,207
E07000188,Sedgemoor,Local Authorities,LA,48801,48751,42688,16230,15377,11081,5718,4302,949,467,467,345,50,16777,15758,11532,4708,1184,567,395
E07000189,South Somerset,Local Authorities,LA,69501,69470,61810,23426,21709,16675,7126,5354,1234,538,538,534,31,24593,22543,17662,5763,1543,674,632
E07000190,Taunton Deane,Local Authorities,LA,46907,46813,39457,13933,13661,11863,6995,5557,1085,353,353,361,94,14469,14083,12377,6071,1466,437,418
E07000191,West Somerset,Local Authorities,LA,15623,15601,13333,5675,4847,2811,2179,1313,601,265,265,89,22,6354,5179,3216,1504,831,329,181
E07000192,Cannock Chase,Local Authorities,LA,40664,40650,36057,12012,19248,4797,4536,3947,297,292,292,57,14,12245,19642,4999,4160,357,349,76
E07000193,East Staffordshire,Local Authorities,LA,47251,47217,41521,14853,15063,11605,5520,4657,520,343,343,176,34,15263,15464,12229,4906,641,435,190
E07000194,Lichfield,Local Authorities,LA,41224,41204,36369,15901,14459,6009,4608,4042,346,220,220,227,20,16467,14956,6380,4399,421,308,256
E07000195,Newcastle-under-Lyme,Local Authorities,LA,52574,52525,46693,12987,23192,10514,5785,5034,478,273,273,47,49,13301,23761,10963,5307,549,324,49
E07000196,South Staffordshire,Local Authorities,LA,44458,44452,39708,17355,17600,4753,3962,3337,318,307,307,782,6,17794,17906,4862,3475,354,384,849
E07000197,Stafford,Local Authorities,LA,55703,55548,48727,20819,18361,9547,6523,5347,815,361,361,298,155,21342,18870,9885,5686,1095,456,323
E07000198,Staffordshire Moorlands,Local Authorities,LA,41772,41768,39576,16928,15855,6793,2123,1379,383,361,361,69,4,17544,16333,7220,1453,479,482,81
E07000199,Tamworth,Local Authorities,LA,31617,31610,27150,8008,12057,7085,4320,3779,387,154,154,140,7,8111,12238,7259,3908,405,197,146
E07000200,Babergh,Local Authorities,LA,37522,37514,34877,15624,11125,8128,2552,2047,267,238,238,85,8,16231,11476,8458,2135,333,295,98
E07000201,Forest Heath,Local Authorities,LA,25376,25354,22094,9084,7507,5503,3071,2520,367,184,184,189,22,9983,7865,5906,2836,447,263,261
E07000202,Ipswich,Local Authorities,LA,57298,57143,43707,7795,22022,13890,13382,11289,1548,545,545,54,155,7980,22448,14339,12049,1908,648,76
E07000203,Mid Suffolk,Local Authorities,LA,40306,40293,37915,19136,13250,5529,2129,1676,267,186,186,249,13,19908,13676,5753,1764,332,221,275
E07000204,St Edmundsbury,Local Authorities,LA,45802,45747,40537,15937,12344,12256,4979,4175,473,331,331,231,55,16385,12613,12595,4368,583,395,249
E07000205,Suffolk Coastal,Local Authorities,LA,53558,53487,48220,23697,15800,8723,4845,3648,795,402,402,422,71,25412,16982,9885,4029,1111,505,461
E07000206,Waveney,Local Authorities,LA,50883,50807,45704,17567,14190,13947,4821,3303,1065,453,453,282,76,18436,14937,15365,3594,1420,569,307
E07000207,Elmbridge,Local Authorities,LA,52922,52871,40869,17955,13857,9057,11959,10016,1283,660,660,43,51,18817,14245,9386,10940,1488,846,52
E07000208,Epsom and Ewell,Local Authorities,LA,29784,29738,22907,8105,10617,4185,6813,5757,662,394,394,18,46,8254,10774,4284,6049,735,466,18
E07000209,Guildford,Local Authorities,LA,53973,53875,43610,18399,17682,7529,9856,7585,1842,429,429,409,98,18918,18188,7793,8145,2208,523,445
E07000210,Mole Valley,Local Authorities,LA,35828,35803,28280,13714,10104,4462,6808,5414,991,403,403,715,25,14062,10325,4554,5738,1094,458,758
E07000211,Reigate and Banstead,Local Authorities,LA,55423,55305,41641,15738,16571,9332,13341,11141,1597,603,603,323,118,16169,16845,9499,11798,1775,694,370
E07000212,Runnymede,Local Authorities,LA,32714,32636,24931,8937,10813,5181,6684,5664,666,354,354,1021,78,9394,11049,5363,6121,803,442,1144
E07000213,Spelthorne,Local Authorities,LA,39512,39447,30020,7835,13884,8301,9167,7937,767,463,463,260,65,8063,14222,8498,8423,898,571,270
E07000214,Surrey Heath,Local Authorities,LA,33546,33523,28155,15357,8382,4416,5167,4335,573,259,259,201,23,15722,8618,4518,4681,665,338,215
E07000215,Tandridge,Local Authorities,LA,33342,33320,26352,12168,9470,4714,6700,5406,862,432,432,268,22,12665,9705,4828,5733,992,509,309
E07000216,Waverley,Local Authorities,LA,49280,49227,41135,20455,13517,7163,7908,6128,1305,475,475,184,53,21196,13915,7511,6572,1540,597,266
E07000217,Woking,Local Authorities,LA,39467,39422,29916,12449,9698,7769,9385,8191,821,373,373,121,45,12709,9872,7922,8689,919,448,132
E07000218,North Warwickshire,Local Authorities,LA,25812,25809,23546,7299,10148,6099,2138,1701,221,216,216,125,3,7642,10577,6342,1782,274,273,145
E07000219,Nuneaton and Bedworth,Local Authorities,LA,52711,52609,46101,12532,19848,13721,6296,5493,470,333,333,212,102,12764,20301,14156,5816,608,385,219
E07000220,Rugby,Local Authorities,LA,41875,41815,36435,11886,14195,10354,5242,4407,539,296,296,138,60,12219,14468,10747,4600,664,385,154
E07000221,Stratford-on-Avon,Local Authorities,LA,51928,51894,45389,19319,16028,10042,5814,4715,678,421,421,691,34,20169,16588,10617,5056,847,522,1015
E07000222,Warwick,Local Authorities,LA,58679,58447,45469,14453,18356,12660,12870,9829,2393,648,648,108,232,14748,18709,13049,10432,2818,761,114
E07000223,Adur,Local Authorities,LA,26957,26934,20936,4967,10221,5748,5763,4841,598,324,324,235,23,5069,10399,5872,5061,659,367,246
E07000224,Arun,Local Authorities,LA,66706,66397,51683,22628,15832,13223,13880,10574,2637,669,669,834,309,23729,16283,13773,11531,3317,809,1030
E07000225,Chichester,Local Authorities,LA,49848,49778,41680,18353,14016,9311,7759,6357,973,429,429,339,70,20136,14688,9910,6947,1167,555,473
E07000226,Crawley,Local Authorities,LA,42727,42700,32732,5981,8901,17850,9960,9392,361,207,207,8,27,6050,9013,18098,9688,398,227,10
E07000227,Horsham,Local Authorities,LA,54923,54882,45409,21310,14707,9392,9111,7888,811,412,412,362,41,21844,14985,9613,8293,929,492,395
E07000228,Mid Sussex,Local Authorities,LA,57409,57350,46554,20041,17226,9287,10538,8396,1512,630,630,258,59,20422,17476,9465,8732,1667,727,271
E07000229,Worthing,Local Authorities,LA,47044,46613,30823,10130,10880,9813,15786,10876,4145,765,765,4,431,10358,11079,10008,11540,4845,856,4
E07000234,Bromsgrove,Local Authorities,LA,38290,38276,33911,14353,13972,5586,4002,3334,368,300,300,363,14,14761,14238,5730,3493,423,360,380
E07000235,Malvern Hills,Local Authorities,LA,32212,32177,27836,14241,10039,3556,4012,2659,1017,336,336,329,35,14757,10305,3713,2903,1191,413,435
E07000236,Redditch,Local Authorities,LA,34722,34636,29255,9357,10440,9458,5365,4741,489,135,135,16,86,9493,10592,9653,4928,581,169,23
E07000237,Worcester,Local Authorities,LA,42042,41880,33802,9332,14740,9730,8031,6474,1051,506,506,47,162,9498,15077,10000,6849,1325,594,72
E07000238,Wychavon,Local Authorities,LA,49466,49420,43813,20547,14898,8368,5054,4024,655,375,375,553,46,21469,15388,8758,4230,802,511,810
E07000239,Wyre Forest,Local Authorities,LA,42985,42928,37035,12842,16134,8059,5170,4156,615,399,399,723,57,13178,16472,8349,4418,787,494,1361
E08000001,Bolton,Local Authorities,LA,116371,116168,100114,19294,40787,40033,15977,14192,1066,719,719,77,203,19681,41803,42171,14811,1477,971,87
E08000002,Bury,Local Authorities,LA,78113,78090,67539,14394,30090,23055,10523,9256,814,453,453,28,23,14699,30939,24269,9880,984,639,30
E08000003,Manchester,Local Authorities,LA,204969,203995,135683,10344,63377,61962,68227,57662,8733,1832,1832,85,974,10634,64967,64692,61370,10236,2383,95
E08000004,Oldham,Local Authorities,LA,89703,89669,78684,11259,30754,36671,10947,9877,533,537,537,38,34,11466,31456,38340,10424,615,684,40
E08000005,Rochdale,Local Authorities,LA,87552,87497,74810,13510,29595,31705,12583,11298,749,536,536,104,55,13761,30151,32888,11603,854,651,107
E08000006,Salford,Local Authorities,LA,103556,103072,74821,9062,36463,29296,28151,26146,1302,703,703,100,484,9327,37458,30761,28573,1900,937,103
E08000007,Stockport,Local Authorities,LA,121979,121790,103144,26194,50784,26166,18578,15859,1747,972,972,68,189,26832,51895,27074,16736,2133,1230,75
E08000008,Tameside,Local Authorities,LA,94953,94849,80615,10877,36062,33676,14190,12638,888,664,664,44,104,11204,37173,35438,13320,1158,893,49
E08000009,Trafford,Local Authorities,LA,94484,94246,76626,14283,41951,20392,17598,15108,1769,721,721,22,238,14622,42812,20948,15922,2129,868,29
E08000010,Wigan,Local Authorities,LA,136386,136323,123572,24013,62373,37186,12684,11013,973,698,698,67,63,24523,63829,39291,11681,1235,949,84
E08000011,Knowsley,Local Authorities,LA,61323,61314,54928,7975,25375,21578,6206,5711,279,216,216,180,9,8094,25869,22148,6096,307,272,187
E08000012,Liverpool,Local Authorities,LA,206515,204604,156862,14735,58297,83830,47703,36357,9058,2288,2288,39,1911,15080,59429,87732,39534,11206,2917,41
E08000013,St. Helens,Local Authorities,LA,75736,75699,69340,11149,35668,22523,6339,5584,387,368,368,20,37,11460,36729,23951,5980,519,608,31
E08000014,Sefton,Local Authorities,LA,117930,117386,96235,18291,55240,22704,21118,15729,4339,1050,1050,33,544,18752,56512,23915,17233,6521,1632,40
E08000015,Wirral,Local Authorities,LA,140583,140287,117098,23818,58520,34760,23172,16066,5439,1667,1667,17,296,24382,59823,36170,17222,6317,2009,21
E08000016,Barnsley,Local Authorities,LA,100734,100602,93150,22554,45973,24623,7407,6272,587,548,548,45,132,23187,47159,26317,6790,886,735,49
E08000017,Doncaster,Local Authorities,LA,126487,126291,116034,29400,57178,29456,9505,7671,1037,797,797,752,196,30115,58631,30944,8080,1416,1003,818
E08000018,Rotherham,Local Authorities,LA,108293,108241,97278,23100,53410,20768,10952,9687,635,630,630,11,52,23643,54727,21806,10267,813,800,12
E08000019,Sheffield,Local Authorities,LA,229928,229273,180580,33219,84575,62786,48635,42647,4017,1971,1971,58,655,33901,86386,64830,44925,4912,2370,63
E08000020,Gateshead,Local Authorities,LA,89154,89137,71280,9589,37886,23805,17793,14911,2428,454,454,64,17,9759,38617,24928,16172,2519,541,66
E08000021,Newcastle upon Tyne,Local Authorities,LA,117153,116998,80408,9234,40204,30970,36569,29004,6802,763,763,21,155,9447,41054,32049,31232,7210,874,28
E08000022,North Tyneside,Local Authorities,LA,91295,91254,70930,9519,38701,22710,20286,16003,3615,668,668,38,41,9674,39436,23569,17112,3906,830,39
E08000023,South Tyneside,Local Authorities,LA,67167,67157,53557,5493,28094,19970,13575,10811,2308,456,456,25,10,5598,28697,20818,11401,2572,595,26
E08000024,Sunderland,Local Authorities,LA,119758,119572,103512,13749,52667,37096,15986,12868,2339,779,779,74,186,14006,53627,38523,13493,2771,1019,89
E08000025,Birmingham,Local Authorities,LA,410736,408978,310543,45419,143938,121186,98309,82147,11953,4209,4209,126,1758,46449,147412,125101,86595,14063,5341,134
E08000026,Coventry,Local Authorities,LA,128592,127779,104555,13436,35732,55387,23015,20068,1890,1057,1057,209,813,13788,36805,57450,21397,2738,1294,224
E08000027,Dudley,Local Authorities,LA,129867,129725,112354,28217,63322,20815,17301,14990,1358,953,953,70,142,28835,64870,21636,15743,1635,1221,82
E08000028,Sandwell,Local Authorities,LA,121498,121373,98732,13814,53218,31700,22582,20329,1330,923,923,59,125,14273,55270,33357,21314,1567,1344,71
E08000029,Solihull,Local Authorities,LA,86056,86026,70691,24534,32498,13659,15216,14112,541,563,563,119,30,24984,33110,13928,14861,596,632,139
E08000030,Walsall,Local Authorities,LA,107822,107701,89602,19781,45820,24001,17888,16045,914,929,929,211,121,20187,46779,24739,16832,1072,1211,218
E08000031,Wolverhampton,Local Authorities,LA,102177,101868,80354,16244,46195,17915,21426,18714,1905,807,807,88,309,16659,47409,18822,19704,2380,1043,92
E08000032,Bradford,Local Authorities,LA,199296,198436,168499,28381,72169,67949,29465,24723,3215,1527,1527,472,860,29081,74068,71595,26337,4446,1978,558
E08000033,Calderdale,Local Authorities,LA,88621,88459,75176,12770,24720,37686,13160,11183,1325,652,652,123,162,13115,25239,39566,11808,1675,772,135
E08000034,Kirklees,Local Authorities,LA,173525,173050,151641,35906,57824,57911,21232,17844,2240,1148,1148,177,475,36923,59537,61338,19039,3073,1451,184
E08000035,Leeds,Local Authorities,LA,320596,319603,252391,47237,120091,85063,66873,56242,8337,2294,2294,339,993,48361,122757,88726,59519,10175,2755,381
E08000036,Wakefield,Local Authorities,LA,140414,140283,124397,29606,62543,32248,15640,13705,1197,738,738,246,131,30316,64079,34315,14849,1691,998,290
E09000002,Barking and Dagenham,Local Authorities,LA,69681,69498,48714,2788,13634,32292,20761,18263,1661,837,837,23,183,2831,13895,32983,18841,1726,903,27
E09000003,Barnet,Local Authorities,LA,135916,134997,77803,14774,40777,22252,57027,43172,11493,2362,2362,167,919,15372,41644,22729,44957,12613,2567,180
E09000004,Bexley,Local Authorities,LA,92604,92502,71203,6759,41361,23083,21280,18571,1539,1170,1170,19,102,6891,42035,23554,19563,1688,1360,23
E09000005,Brent,Local Authorities,LA,110286,108815,52533,7217,26520,18796,56226,35737,18537,1952,1952,56,1471,7402,27064,19191,37374,20133,2121,57
E09000006,Bromley,Local Authorities,LA,130862,130382,92319,24189,39619,28511,37881,28437,7603,1841,1841,182,480,24890,40474,29223,29910,8548,2201,214
E09000007,Camden,Local Authorities,LA,97534,94208,14433,1804,3984,8645,79729,50453,26550,2726,2726,46,3326,1961,4179,9040,53696,30640,3134,53
E09000008,Croydon,Local Authorities,LA,145010,144089,92992,18231,36740,38021,51054,36701,12132,2221,2221,43,921,18622,37337,38851,38111,13373,2481,49
E09000009,Ealing,Local Authorities,LA,124082,122788,67508,6703,28337,32468,55147,38699,14557,1891,1891,133,1294,6964,29118,33563,39916,16349,2177,161
E09000010,Enfield,Local Authorities,LA,119916,119395,74270,8357,28392,37521,45063,35918,7483,1662,1662,62,521,8546,28797,38116,37042,8023,1832,65
E09000011,Greenwich,Local Authorities,LA,101045,100240,54611,4297,18988,31326,45583,37848,6796,939,939,46,805,4380,19255,32040,39406,7650,1049,47
E09000012,Hackney,Local Authorities,LA,101690,99219,21720,1856,4335,15529,77421,58393,16637,2391,2391,78,2471,1927,4428,15931,60517,18837,2635,81
E09000013,Hammersmith and Fulham,Local Authorities,LA,80590,78455,21768,1133,3990,16645,56653,34072,20874,1707,1707,34,2135,1205,4135,17323,35918,23614,1970,49
E09000014,Haringey,Local Authorities,LA,101955,99588,42047,4332,9793,27922,57479,32067,23152,2260,2260,62,2367,4519,10040,28833,32961,26988,2687,71
E09000015,Harrow,Local Authorities,LA,84268,84092,58892,9992,33188,15712,25187,18807,5074,1306,1306,13,176,10252,33827,16053,19648,5430,1443,14
E09000016,Havering,Local Authorities,LA,97199,97071,76082,10575,39823,25684,20788,18319,1360,1109,1109,201,128,10823,40405,26166,18907,1523,1255,211
E09000017,Hillingdon,Local Authorities,LA,100214,100118,73831,14605,36540,22686,26131,22342,2461,1328,1328,156,96,15051,37387,23430,23639,2737,1575,171
E09000018,Hounslow,Local Authorities,LA,94902,94411,54323,4450,28005,21868,39939,32918,5846,1175,1175,149,491,4596,28467,22286,33988,6461,1315,161
E09000019,Islington,Local Authorities,LA,93556,91932,16700,1044,2723,12933,75174,50913,22000,2261,2261,58,1624,1093,2845,13402,53386,24650,2753,67
E09000020,Kensington and Chelsea,Local Authorities,LA,78536,75328,13215,1007,2528,9680,62025,40287,20195,1543,1543,88,3208,1169,2809,10868,45683,25245,1835,96
E09000021,Kingston upon Thames,Local Authorities,LA,63639,63086,39784,8069,20217,11498,23240,17922,4195,1123,1123,62,553,8317,20617,11764,18834,4876,1220,65
E09000022,Lambeth,Local Authorities,LA,130017,127461,35129,3160,10699,21270,92295,62681,27854,1760,1760,37,2556,3260,10946,21850,65091,31084,1960,40
E09000023,Lewisham,Local Authorities,LA,116091,114856,51879,3771,15328,32780,62925,41459,19692,1774,1774,52,1235,3868,15588,33402,42669,21106,1932,52
E09000024,Merton,Local Authorities,LA,78757,78463,49259,4536,14485,30238,29176,20762,7272,1142,1142,28,294,4701,14732,31138,21540,7734,1334,31
E09000025,Newham,Local Authorities,LA,101519,100934,54281,6871,10771,36639,46579,36813,8189,1577,1577,74,585,6982,10941,37272,37904,8731,1711,76
E09000026,Redbridge,Local Authorities,LA,99105,98787,67736,6774,26384,34578,30986,23462,6122,1402,1402,65,318,6920,26849,35256,24301,6606,1578,65
E09000027,Richmond upon Thames,Local Authorities,LA,79835,79401,47879,6669,19527,21683,31335,21921,7623,1791,1791,187,434,6932,19947,22290,23084,8407,1951,216
E09000028,Southwark,Local Authorities,LA,120422,119206,29633,2590,7777,19266,89430,74797,12899,1734,1734,143,1216,2659,7912,19705,77954,13851,1916,170
E09000029,Sutton,Local Authorities,LA,78174,77884,50838,8379,22178,20281,27029,22961,2934,1134,1134,17,290,8530,22450,20573,23828,3306,1237,18
E09000030,Tower Hamlets,Local Authorities,LA,101257,100234,14501,1199,2560,10742,85635,80099,3947,1589,1589,98,1023,1252,2626,10987,84970,4456,1737,108
E09000031,Waltham Forest,Local Authorities,LA,96861,96233,56948,4513,16420,36015,39244,26263,11303,1678,1678,41,628,4586,16668,36698,26856,12073,1826,42
E09000032,Wandsworth,Local Authorities,LA,130493,128909,44783,3200,9697,31886,84042,56993,24570,2479,2479,84,1584,3338,9995,32907,59538,27080,2939,100
E41000052,"Cornwall; Isles of Scilly",Local Authorities,LA,231378,230958,199831,88426,59125,52280,27952,19036,6430,2486,2486,3175,420,98036,63647,59379,22544,9543,3290,4296
E41000324,"City of London; Westminster",Local Authorities,LA,110157,108083,11394,1244,2004,8146,96654,73025,20276,3353,3353,35,2074,1393,2195,9397,84494,23918,4161,38
S12000005,Clackmannanshire,Local Authorities,LA,22734,22734,16860,5610,6242,5008,5865,5367,363,135,135,9,0,5727,6382,5210,5781,406,146,10
S12000006,Dumfries & Galloway,Local Authorities,LA,67980,67958,58206,24181,20061,13964,9487,8114,852,521,521,265,22,26267,20789,15137,8539,1015,627,315
S12000008,East Ayrshire,Local Authorities,LA,53919,53919,40787,11636,16719,12432,13105,12333,542,230,230,27,0,11938,17060,12939,13329,604,292,33
S12000010,East Lothian,Local Authorities,LA,42905,42902,31696,9863,11960,9873,11171,9968,915,288,288,35,3,10260,12225,10359,10423,1053,329,42
S12000011,East Renfrewshire,Local Authorities,LA,37225,37219,28408,10454,11645,6309,8779,8432,246,101,101,32,6,10584,11781,6406,8760,252,106,36
S12000013,Eilean Siar,Local Authorities,LA,12576,12576,11753,8266,2404,1083,795,689,65,41,41,28,0,9320,2520,1118,715,73,60,51
S12000014,Falkirk,Local Authorities,LA,68732,68727,47983,14551,18188,15244,20706,19884,513,309,309,38,5,14798,18493,15665,20925,530,350,48
S12000015,Fife,Local Authorities,LA,160952,160944,119122,38911,41538,38673,41521,37333,3130,1058,1058,301,8,40182,42707,41045,40220,3498,1162,343
S12000017,Highland,Local Authorities,LA,102091,102018,88170,43126,29139,15905,13444,11581,1270,593,593,404,73,48796,30416,16993,12379,1557,813,486
S12000018,Inverclyde,Local Authorities,LA,37434,37428,19232,4649,8244,6339,18160,16804,1213,143,143,36,6,4751,8345,6496,18083,1277,177,40
S12000019,Midlothian,Local Authorities,LA,34978,34976,27008,6802,10265,9941,7628,7129,313,186,186,340,2,6985,10480,10309,7382,329,192,396
S12000020,Moray,Local Authorities,LA,40062,40050,34841,14910,12576,7355,5062,4252,543,267,267,147,12,15741,13135,7755,4535,610,314,160
S12000021,North Ayrshire,Local Authorities,LA,62498,62492,46084,13070,15203,17811,16310,14972,993,345,345,98,6,13987,15583,18344,16577,1113,411,117
S12000023,Orkney Islands,Local Authorities,LA,9725,9716,9034,5914,2310,810,645,384,181,80,80,37,9,6289,2422,860,435,206,101,44
S12000024,Perth & Kinross,Local Authorities,LA,64777,64767,48364,24951,14712,8701,16219,14050,1467,702,702,184,10,26881,15208,9136,14761,1626,759,207
S12000026,Scottish Borders,Local Authorities,LA,52498,52489,38687,16058,12885,9744,13728,11955,1287,486,486,74,9,17298,13512,10557,12768,1413,558,82
S12000027,Shetland Islands,Local Authorities,LA,9950,9931,8977,5584,2627,766,916,674,190,52,52,38,19,6019,2760,811,708,222,65,41
S12000028,South Ayrshire,Local Authorities,LA,51286,51257,37829,13779,13730,10320,13370,12113,939,318,318,58,29,14313,14054,10748,13160,1058,369,64
S12000029,South Lanarkshire,Local Authorities,LA,139188,139158,97478,29684,31430,36364,41500,39984,1008,508,508,180,30,30395,31944,37278,41636,1086,575,191
S12000030,Stirling,Local Authorities,LA,37566,37555,27673,11938,9548,6187,9808,8495,1026,287,287,74,11,12537,9761,6385,8806,1090,310,84
S12000033,Aberdeen City,Local Authorities,LA,103371,103249,49701,11839,21426,16436,53403,49598,3333,472,472,145,122,12091,21843,16998,53031,3486,495,209
S12000034,Aberdeenshire,Local Authorities,LA,104714,104710,92061,49378,30398,12285,12357,10528,1346,483,483,292,4,51711,31328,12989,11221,1450,532,313
S12000035,Argyll & Bute,Local Authorities,LA,40125,40107,28081,14352,8611,5118,11858,9557,1922,379,379,168,18,16924,9297,5791,11078,2330,437,216
S12000036,"Edinburgh; City of",Local Authorities,LA,223051,222832,80876,23486,29003,28387,141884,133799,7181,904,904,72,219,23895,29395,29346,138886,7643,957,77
S12000038,Renfrewshire,Local Authorities,LA,80902,80877,47006,12146,17599,17261,33861,32655,932,274,274,10,25,12329,17823,17576,34181,974,309,10
S12000039,West Dunbartonshire,Local Authorities,LA,42167,42148,21306,3818,8981,8507,20813,20398,293,122,122,29,19,3925,9140,8692,21324,307,127,32
S12000040,West Lothian,Local Authorities,LA,73398,73396,57811,17825,17795,22191,15530,14821,456,253,253,55,2,18058,18034,22618,15329,475,273,77
S12000041,Angus,Local Authorities,LA,51616,51605,38809,17003,12517,9289,12638,11125,1048,465,465,158,11,17674,12820,9649,11763,1114,509,183
S12000042,Dundee City,Local Authorities,LA,69193,69127,34312,8089,17942,8281,34805,32749,1667,389,389,10,66,8261,18226,8623,34345,1760,400,10
S12000044,North Lanarkshire,Local Authorities,LA,145998,145998,99222,23682,33941,41599,46724,45632,665,427,427,52,0,24009,34383,42311,47367,683,451,71
S12000045,East Dunbartonshire,Local Authorities,LA,43473,43468,34907,13349,15198,6360,8530,8109,329,92,92,31,5,13542,15345,6451,8353,349,96,33
S12000046,Glasgow City,Local Authorities,LA,285693,285063,81112,11167,36522,33423,203603,197146,5440,1017,1017,348,630,11400,37096,33999,204161,5809,1057,354
W06000001,Isle of Anglesey,Local Authorities,LA,30594,30577,28229,14534,6783,6912,2136,1437,413,286,286,212,17,16382,7281,7620,1661,563,352,324
W06000002,Gwynedd,Local Authorities,LA,52473,52387,47013,17804,12767,16442,5124,3294,1116,714,714,250,86,21308,14013,18920,3829,1582,910,513
W06000003,Conwy,Local Authorities,LA,51177,51100,42048,18466,16291,7291,8890,5696,2493,701,701,162,77,19849,17191,8157,6420,3261,931,390
W06000004,Denbighshire,Local Authorities,LA,40546,40450,35981,17882,12784,5315,4371,3008,878,485,485,98,96,18786,13175,5689,3180,1173,600,134
W06000005,Flintshire,Local Authorities,LA,63781,63734,59268,23978,26399,8891,4181,3276,507,398,398,285,47,24660,27054,9285,3427,596,496,320
W06000006,Wrexham,Local Authorities,LA,57029,56979,50547,17663,21213,11671,6319,5513,521,285,285,113,50,18203,21773,12150,5758,613,361,186
W06000008,Ceredigion,Local Authorities,LA,31562,31427,27401,15628,7117,4656,3743,2136,1181,426,426,283,135,17046,7685,5278,2273,1450,548,389
W06000009,Pembrokeshire,Local Authorities,LA,53122,53074,47084,22533,14456,10095,5535,3955,981,599,599,455,48,25251,15846,11716,4726,1512,868,793
W06000010,Carmarthenshire,Local Authorities,LA,78829,78779,72818,30835,26547,15436,5596,3962,1016,618,618,365,50,32684,27879,16761,4259,1318,777,477
W06000011,Swansea,Local Authorities,LA,103497,103205,86712,24198,35096,27418,16260,13298,2262,700,700,233,292,25318,36311,28730,14541,2795,865,417
W06000012,Neath Port Talbot,Local Authorities,LA,60393,60346,54127,12143,26143,15841,6148,5185,619,344,344,71,47,12698,27189,17235,5520,773,509,93
W06000013,Bridgend,Local Authorities,LA,58515,58460,52279,13873,23005,15401,6076,4929,783,364,364,105,55,14346,23669,16452,5194,1157,560,120
W06000014,The Vale of Glamorgan,Local Authorities,LA,53505,53478,45488,14339,16659,14490,7705,5891,1332,482,482,285,27,14842,17045,14976,6320,1573,581,327
W06000015,Cardiff,Local Authorities,LA,142557,141962,105114,19638,41864,43612,36769,28389,7233,1147,1147,79,595,20106,42790,45102,30565,8546,1405,85
W06000016,Rhondda Cynon Taf,Local Authorities,LA,99663,99614,91547,14963,27262,49322,7932,6512,804,616,616,135,49,15271,27956,53075,6977,1038,848,145
W06000018,Caerphilly,Local Authorities,LA,74479,74449,68266,12130,29610,26526,6157,5099,528,530,530,26,30,12455,30270,27852,5320,627,686,34
W06000019,Blaenau Gwent,Local Authorities,LA,30416,30416,27507,3409,8349,15749,2885,2377,221,287,287,24,0,3506,8517,16669,2551,298,385,26
W06000020,Torfaen,Local Authorities,LA,38524,38520,33915,6962,10594,16359,4548,4076,272,200,200,57,4,7168,10806,17246,4349,316,273,71
W06000021,Monmouthshire,Local Authorities,LA,38233,38198,34418,16898,11005,6515,3679,2891,472,316,316,101,35,17638,11354,6789,3174,579,433,111
W06000022,Newport,Local Authorities,LA,61172,60986,50722,11557,18900,20265,10111,8216,1468,427,427,153,186,11830,19371,21091,8736,1875,543,159
W06000023,Powys,Local Authorities,LA,58345,58301,52984,27895,14635,10454,4833,3244,872,717,717,484,44,30377,15523,11401,3409,1183,944,645
W06000024,Merthyr Tydfil,Local Authorities,LA,24264,24254,22740,3813,6907,12020,1488,1196,152,140,140,26,10,4013,7257,13185,1328,223,222,26
